City_ID,City,Country,Date,Lat,Lng,Max Temp,Humidity,Cloudiness,Wind Speed
0,Coquimbo,CL,2022-06-13 02:18:33,-29.9533,-71.3436,49.73,93,75,1.14
1,Saint-Francois,FR,2022-06-13 02:18:34,46.4154,3.9054,63.84,94,75,2.3
2,Khani,GE,2022-06-13 02:18:34,41.9563,42.9566,56.77,74,5,5.41
3,Markova,UA,2022-06-13 02:18:34,48.6758,24.4138,53.98,90,0,3.62
4,Ushuaia,AR,2022-06-13 02:15:24,-54.8,-68.3,40.66,93,75,2.3
5,Beringovskiy,RU,2022-06-13 02:18:35,63.05,179.3167,43.59,61,20,5.53
6,Carnarvon,AU,2022-06-13 02:18:35,-24.8667,113.6333,67.01,61,6,14.88
7,Ippy,CF,2022-06-13 02:18:35,6.2679,21.2247,69.75,99,100,3.22
8,Saint-Philippe,RE,2022-06-13 02:18:35,-21.3585,55.7679,67.59,88,97,15.5
9,Qaanaaq,GL,2022-06-13 02:18:36,77.484,-69.3632,24.98,74,1,7.38
10,New Norfolk,AU,2022-06-13 02:18:36,-42.7826,147.0587,52.72,77,63,3.0
11,Mar Del Plata,AR,2022-06-13 02:18:36,-38.0023,-57.5575,49.08,66,0,3.44
12,Mount Gambier,AU,2022-06-13 02:18:37,-37.8333,140.7667,51.71,87,100,9.22
13,Nikolskoye,RU,2022-06-13 02:18:37,59.7035,30.7861,53.49,85,91,4.21
14,Albany,US,2022-06-13 02:18:24,42.6001,-73.9662,66.61,89,100,4.05
15,Pisco,PE,2022-06-13 02:14:44,-13.7,-76.2167,60.85,82,75,3.44
16,Saskylakh,RU,2022-06-13 02:18:37,71.9167,114.0833,68.14,31,2,8.34
17,Mataura,NZ,2022-06-13 02:18:38,-46.1927,168.8643,46.47,90,100,12.48
18,Yabelo,ET,2022-06-13 02:18:38,4.8833,38.0833,54.79,92,23,7.4
19,Vestmannaeyjar,IS,2022-06-13 02:18:38,63.4427,-20.2734,48.02,96,100,16.35
20,Busselton,AU,2022-06-13 02:18:38,-33.65,115.3333,59.94,69,94,16.73
21,Valparaiso,CL,2022-06-13 02:18:39,-33.0393,-71.6273,53.47,83,100,0.0
22,Tuktoyaktuk,CA,2022-06-13 02:18:39,69.4541,-133.0374,33.8,93,100,11.5
23,Te Anau,NZ,2022-06-13 02:18:39,-45.4167,167.7167,39.18,99,100,2.91
24,Castro,BR,2022-06-13 02:18:40,-24.7911,-50.0119,38.46,69,0,4.38
25,Hithadhoo,MV,2022-06-13 02:18:40,-0.6,73.0833,83.52,73,100,7.9
26,Chuy,UY,2022-06-13 02:18:40,-33.6971,-53.4616,45.79,93,3,5.84
27,Rikitea,PF,2022-06-13 02:18:41,-23.1203,-134.9692,73.31,68,36,13.65
28,Svetlyy,RU,2022-06-13 02:18:41,54.675,20.1347,51.96,87,100,7.05
29,Havre-Saint-Pierre,CA,2022-06-13 02:18:41,50.2334,-63.5986,53.96,82,0,6.91
30,Palauig,PH,2022-06-13 02:18:41,15.435,119.9045,86.59,70,33,7.99
31,Port Alfred,ZA,2022-06-13 02:18:42,-33.5906,26.891,71.19,36,100,3.0
32,Barrow,US,2022-06-13 02:18:42,71.2906,-156.7887,30.22,86,100,6.91
33,Yenangyaung,MM,2022-06-13 02:18:42,20.4667,94.8833,86.0,63,82,11.65
34,Ati,TD,2022-06-13 02:18:42,13.2154,18.3353,81.32,60,100,18.72
35,Pendleton,US,2022-06-13 02:18:43,45.6721,-118.7886,52.03,89,100,21.85
36,Kapaa,US,2022-06-13 02:18:43,22.0752,-159.319,84.18,78,40,16.11
37,Zhob,PK,2022-06-13 02:18:43,31.3411,69.4481,78.75,43,2,3.31
38,Otofuke,JP,2022-06-13 02:18:44,42.9917,143.2003,54.55,92,100,3.0
39,Potsdam,DE,2022-06-13 02:18:44,52.3989,13.0657,62.19,77,100,1.01
40,Arraial Do Cabo,BR,2022-06-13 02:18:13,-22.9661,-42.0278,68.18,60,100,26.35
41,Tuatapere,NZ,2022-06-13 02:18:44,-46.1333,167.6833,45.72,76,100,20.04
42,Nishihara,JP,2022-06-13 02:18:44,26.1842,127.7558,82.45,94,75,17.27
43,Sambava,MG,2022-06-13 02:18:45,-14.2667,50.1667,68.43,82,0,10.04
44,Requena,ES,2022-06-13 02:16:16,39.4883,-1.1004,63.79,36,2,2.95
45,Bac Lieu,VN,2022-06-13 02:19:45,9.285,105.7244,85.68,68,100,6.46
46,Punta Arenas,CL,2022-06-13 02:19:45,-53.15,-70.9167,46.51,87,100,11.5
47,Bonavista,CA,2022-06-13 02:19:46,48.6499,-53.1147,42.39,88,85,9.89
48,Provideniya,RU,2022-06-13 02:19:46,64.3833,-173.3,41.11,63,100,1.36
49,Meulaboh,ID,2022-06-13 02:19:46,4.1363,96.1285,79.18,76,97,3.83
50,Jamestown,US,2022-06-13 02:16:23,42.097,-79.2353,65.01,66,97,1.01
51,East London,ZA,2022-06-13 02:19:47,-33.0153,27.9116,75.51,30,100,11.18
52,Leningradskiy,RU,2022-06-13 02:19:47,69.3833,178.4167,35.62,84,99,8.66
53,Junction City,US,2022-06-13 02:19:47,39.0286,-96.8314,85.8,82,0,5.75
54,Mahon,ES,2022-06-13 02:19:47,39.8885,4.2658,68.56,94,0,4.61
55,Savonlinna,FI,2022-06-13 02:19:48,61.8699,28.88,53.65,82,0,6.91
56,Ilulissat,GL,2022-06-13 02:15:59,69.2167,-51.1,33.82,80,100,10.36
57,Saint George,US,2022-06-13 02:19:48,37.1041,-113.5841,100.99,6,0,27.63
58,Hobart,AU,2022-06-13 02:16:27,-42.8794,147.3294,53.06,63,20,11.5
59,San Cristobal,VE,2022-06-13 02:19:48,7.7669,-72.225,69.98,98,100,3.62
60,Kahului,US,2022-06-13 02:17:14,20.8947,-156.47,84.22,68,0,24.16
61,Bluff,NZ,2022-06-13 02:19:49,-46.6,168.3333,46.8,71,100,29.3
62,Avarua,CK,2022-06-13 02:19:49,-21.2078,-159.775,78.85,73,20,13.8
63,Niksar,TR,2022-06-13 02:19:49,40.5917,36.9517,62.89,98,93,2.59
64,Ribeira Grande,PT,2022-06-13 02:19:50,38.5167,-28.7,62.94,78,65,22.62
65,Mehamn,NO,2022-06-13 02:19:50,71.0357,27.8492,44.51,95,100,25.3
66,Tiksi,RU,2022-06-13 02:19:50,71.6872,128.8694,45.55,67,82,6.35
67,Ponta Do Sol,PT,2022-06-13 02:19:50,32.6667,-17.1,68.72,82,17,1.72
68,Lazaro Cardenas,MX,2022-06-13 02:19:51,17.9583,-102.2,82.24,74,4,3.33
69,Khatanga,RU,2022-06-13 02:19:51,71.9667,102.5,66.31,34,100,11.99
70,Torbay,CA,2022-06-13 02:19:51,47.6666,-52.7314,47.88,89,40,9.22
71,Geraldton,AU,2022-06-13 02:19:52,-28.7667,114.6,66.61,63,75,8.05
72,Hambantota,LK,2022-06-13 02:19:52,6.1241,81.1185,82.09,73,51,17.81
73,Korla,CN,2022-06-13 02:19:52,41.7597,86.1469,89.19,9,99,12.1
74,Upernavik,GL,2022-06-13 02:19:52,72.7868,-56.1549,28.29,76,54,3.87
75,Kendari,ID,2022-06-13 02:19:53,-3.945,122.4989,74.41,96,100,6.33
76,Atuona,PF,2022-06-13 02:19:53,-9.8,-139.0333,77.59,67,62,18.12
77,Jalu,LY,2022-06-13 02:19:53,29.0331,21.5482,71.01,65,0,10.18
78,Matay,EG,2022-06-13 02:19:54,28.419,30.7792,76.39,57,0,8.88
79,Mutoko,ZW,2022-06-13 02:19:54,-17.397,32.2268,47.05,91,0,3.09
80,San Isidro,PE,2022-06-13 02:19:54,-12.1167,-77.05,62.02,84,100,9.22
81,Butaritari,KI,2022-06-13 02:19:55,3.0707,172.7902,82.27,67,0,14.56
82,Lagoa,PT,2022-06-13 02:19:55,39.05,-27.9833,62.13,83,75,21.88
83,Aklavik,CA,2022-06-13 02:19:55,68.2191,-135.0107,43.2,71,100,12.75
84,Pangkalanbuun,ID,2022-06-13 02:19:56,-2.6833,111.6167,81.59,82,100,2.35
85,Yambio,SS,2022-06-13 02:19:56,4.5721,28.3955,65.97,97,6,3.18
86,Bambous Virieux,MU,2022-06-13 02:20:57,-20.3428,57.7575,71.85,88,75,14.97
87,Durham,US,2022-06-13 02:20:57,36.0335,-78.8664,78.19,84,83,9.01
88,Ushtobe,KZ,2022-06-13 02:20:57,45.2514,77.9838,77.02,51,100,2.26
89,Klaksvik,FO,2022-06-13 02:20:57,62.2266,-6.589,47.32,93,98,13.87
90,Severo-Kurilsk,RU,2022-06-13 02:20:58,50.6789,156.125,45.34,84,51,9.75
91,Wasilla,US,2022-06-13 02:16:01,61.5814,-149.4394,70.07,45,40,10.36
92,Bay Roberts,CA,2022-06-13 02:20:58,47.5999,-53.2648,48.65,87,100,4.0
93,Sorong,ID,2022-06-13 02:20:58,-0.8833,131.25,84.47,68,76,5.66
94,Wonthaggi,AU,2022-06-13 02:20:59,-38.6044,145.5913,53.82,66,100,8.86
95,The Valley,AI,2022-06-13 02:20:59,18.217,-63.0578,82.26,84,0,19.04
96,Kuldur,RU,2022-06-13 02:20:59,49.2167,131.6333,73.17,45,100,9.95
97,Ugoofaaru,MV,2022-06-13 02:21:00,5.6667,73.0,82.92,75,100,8.03
98,Perivolion,GR,2022-06-13 02:21:00,39.4206,20.0147,73.65,73,40,6.13
99,Balikpapan,ID,2022-06-13 02:21:00,-1.2675,116.8289,83.39,84,20,6.91
100,Aksu,CN,2022-06-13 02:21:00,41.1231,80.2644,86.2,15,90,5.32
101,Varkkallai,IN,2022-06-13 02:21:01,8.7341,76.7067,78.58,86,85,7.72
102,Diamantino,BR,2022-06-13 02:21:01,-14.4086,-56.4461,59.79,72,41,4.54
103,Fortuna,US,2022-06-13 02:16:56,40.5982,-124.1573,58.66,78,90,5.99
104,Bushehr,IR,2022-06-13 02:21:01,28.9684,50.8385,78.89,65,0,6.91
105,Puerto Ayora,EC,2022-06-13 02:21:02,-0.7393,-90.3518,72.55,85,98,5.01
106,Victoria,HK,2022-06-13 02:20:43,22.2855,114.1577,86.38,83,100,20.0
107,Pambuhan,PH,2022-06-13 02:21:02,13.9736,123.0837,86.56,69,89,1.25
108,Vaini,TO,2022-06-13 02:21:02,-21.2,-175.2,82.56,74,40,11.5
109,Cape Town,ZA,2022-06-13 02:17:17,-33.9258,18.4232,60.35,90,75,12.66
110,Lata,PT,2022-06-13 02:21:03,40.1629,-8.3327,66.81,74,2,2.15
111,Stephenville Crossing,CA,2022-06-13 02:21:03,48.5,-58.4318,50.13,93,0,8.05
112,Port Elizabeth,ZA,2022-06-13 02:19:08,-33.918,25.5701,68.31,62,0,15.99
113,Lethem,GY,2022-06-13 02:21:03,3.3803,-59.7968,71.87,95,100,2.77
114,Kirakira,SB,2022-06-13 02:21:04,-10.4544,161.9205,84.58,71,28,9.24
115,Pangnirtung,CA,2022-06-13 02:21:04,66.1451,-65.7125,28.71,91,76,1.03
116,Lambare,PY,2022-06-13 02:21:05,-25.3468,-57.6065,44.19,87,0,4.61
117,Phichit,TH,2022-06-13 02:21:05,16.25,100.4167,84.06,68,100,4.92
118,Linhares,BR,2022-06-13 02:21:05,-19.3911,-40.0722,70.27,90,83,4.68
119,Sandy Bay,AU,2022-06-13 02:21:05,-42.913,147.3532,53.1,63,20,11.5
120,La Ronge,CA,2022-06-13 02:21:06,55.1001,-105.2842,64.62,63,75,4.61
121,Gisborne,NZ,2022-06-13 02:21:06,-38.6533,178.0042,55.4,63,95,20.69
122,Payo,ID,2022-06-13 02:21:06,-3.7508,103.6372,77.9,83,100,0.18
123,Hilo,US,2022-06-13 02:19:40,19.7297,-155.09,88.29,65,100,8.05
124,Vila Velha,BR,2022-06-13 02:21:07,-20.3297,-40.2925,71.55,93,100,9.22
125,Esqueda,MX,2022-06-13 02:21:07,30.7167,-109.5833,78.64,41,86,2.15
126,Tam Ky,VN,2022-06-13 02:21:07,15.5667,108.4833,88.45,60,100,1.97
127,Timra,SE,2022-06-13 02:21:08,62.487,17.3257,49.68,93,75,2.3
128,Buala,SB,2022-06-13 02:21:08,-8.145,159.5921,85.32,65,2,6.02
129,Okha,RU,2022-06-13 02:21:08,53.5739,142.9478,64.78,56,10,7.76
130,Rio Cuarto,AR,2022-06-13 02:20:54,-33.1307,-64.3499,55.47,44,5,16.55
131,Takahata,JP,2022-06-13 02:21:09,38.0025,140.1911,72.36,49,100,8.63
132,Morgan City,US,2022-06-13 02:21:09,29.6994,-91.2068,82.99,94,0,5.75
133,Marquette,US,2022-06-13 02:17:49,46.5333,-87.6335,54.77,80,65,3.78
134,Biak,ID,2022-06-13 02:22:09,-0.9131,122.8766,82.18,70,56,4.41
135,Fasa,IR,2022-06-13 02:22:10,28.9383,53.6482,65.44,37,0,0.0
136,Yershov,RU,2022-06-13 02:22:10,51.3513,48.2766,52.92,76,1,5.46
137,Fairbanks,US,2022-06-13 02:20:52,64.8378,-147.7164,70.02,38,0,3.44
138,Eirunepe,BR,2022-06-13 02:22:10,-6.6603,-69.8736,66.43,78,64,2.55
139,San Andres,CO,2022-06-13 02:20:37,12.5847,-81.7006,82.42,83,75,6.91
140,Edd,ER,2022-06-13 02:22:11,13.9297,41.6925,88.16,51,81,3.33
141,Tura,IN,2022-06-13 02:22:11,25.5198,90.2201,76.42,96,99,7.05
142,San Patricio,US,2022-06-13 02:22:11,28.017,-97.5169,84.54,76,4,17.02
143,Shirgaon,IN,2022-06-13 02:22:12,19.7,72.7,83.03,76,64,13.6
144,Fairview,US,2022-06-13 02:22:12,40.8126,-73.999,70.09,84,75,8.05
145,Piacabucu,BR,2022-06-13 02:22:12,-10.4056,-36.4344,74.93,86,0,2.95
146,Clyde River,CA,2022-06-13 02:21:10,70.4692,-68.5914,34.03,80,40,4.61
147,Sitka,US,2022-06-13 02:22:13,57.0531,-135.33,51.69,82,100,4.61
148,Imeni Morozova,RU,2022-06-13 02:22:13,59.9757,31.0376,53.64,1,83,5.64
149,Isangel,VU,2022-06-13 02:22:14,-19.55,169.2667,86.11,79,75,4.61
150,Guozhen,CN,2022-06-13 02:22:14,34.3659,107.359,86.27,26,95,5.39
151,Karpogory,RU,2022-06-13 02:22:14,64.0019,44.4451,54.23,59,100,6.29
152,Airai,TL,2022-06-13 02:22:14,-8.9266,125.4092,68.9,55,67,4.29
153,Enshi,CN,2022-06-13 02:18:54,30.3,109.4833,71.98,84,100,0.63
154,Kaitangata,NZ,2022-06-13 02:22:15,-46.2817,169.8464,45.3,86,100,21.88
155,Norman Wells,CA,2022-06-13 02:22:15,65.282,-126.8329,41.04,93,100,13.8
156,Manta,EC,2022-06-13 02:22:16,-0.95,-80.7333,73.18,88,100,4.61
157,Shakhovskaya,RU,2022-06-13 02:22:16,56.0283,35.5097,54.81,95,26,5.21
158,Englewood,US,2022-06-13 02:22:16,39.6478,-104.9878,83.86,30,75,6.91
159,Saldanha,ZA,2022-06-13 02:22:16,-33.0117,17.9442,55.45,91,100,15.77
160,Inverell,AU,2022-06-13 02:22:17,-29.7833,151.1167,61.66,57,13,3.0
161,Ancud,CL,2022-06-13 02:22:17,-41.8697,-73.8203,51.22,87,100,11.97
162,Hirara,JP,2022-06-13 02:22:17,24.8,125.2833,86.27,84,75,19.57
163,Noumea,NC,2022-06-13 02:22:18,-22.2763,166.4572,76.98,99,100,8.52
164,Santa Rosalia,MX,2022-06-13 02:22:18,27.3167,-112.2833,87.96,37,0,7.58
165,Esperance,AU,2022-06-13 02:22:18,-33.8667,121.9,58.84,69,87,30.69
166,Vao,NC,2022-06-13 02:22:18,-22.6667,167.4833,71.06,75,100,8.88
167,Dikson,RU,2022-06-13 02:22:19,73.5069,80.5464,30.06,93,100,16.87
168,Mahebourg,MU,2022-06-13 02:22:19,-20.4081,57.7,71.89,88,75,14.97
169,Hermanus,ZA,2022-06-13 02:22:19,-34.4187,19.2345,60.66,78,100,15.32
170,Sun Valley,US,2022-06-13 02:22:20,39.5963,-119.776,68.68,41,40,21.99
171,Clarence Town,AU,2022-06-13 02:22:20,-32.5833,151.7833,60.94,50,0,4.16
172,Lebu,CL,2022-06-13 02:22:20,-37.6167,-73.65,47.84,91,100,10.25
173,Port-Gentil,GA,2022-06-13 02:22:10,-0.7193,8.7815,77.63,84,88,8.12
174,Bengkulu,ID,2022-06-13 02:22:20,-3.8004,102.2655,80.46,71,100,2.24
175,Hatillo,PR,2022-06-13 02:22:21,18.4863,-66.8254,81.1,88,4,5.01
176,Agadez,NE,2022-06-13 02:22:21,19.75,10.25,87.37,14,0,11.16
177,Lavrentiya,RU,2022-06-13 02:22:21,65.5833,-171.0,40.19,65,100,3.06
178,Yellowknife,CA,2022-06-13 02:22:22,62.456,-114.3525,64.92,55,75,4.61
179,Yatou,CN,2022-06-13 02:22:22,37.15,122.3833,73.72,64,79,16.75
180,Rocha,UY,2022-06-13 02:22:22,-34.4833,-54.3333,42.46,93,2,3.13
181,Kafanchan,NG,2022-06-13 02:23:23,9.5833,8.3,68.23,90,99,1.03
182,Kununurra,AU,2022-06-13 02:23:23,-15.7667,128.7333,76.98,20,10,11.5
183,San Quintin,MX,2022-06-13 02:23:23,30.4833,-115.95,66.81,82,3,10.78
184,Souillac,MU,2022-06-13 02:23:23,-20.5167,57.5167,71.98,88,75,14.97
185,Pochutla,MX,2022-06-13 02:23:24,15.7432,-96.4661,80.82,84,86,1.34
186,Finschhafen,PG,2022-06-13 02:23:24,-6.6024,147.8681,84.63,66,6,8.63
187,Bredasdorp,ZA,2022-06-13 02:23:24,-34.5322,20.0403,59.23,70,100,7.07
188,Rovaniemi,FI,2022-06-13 02:23:25,66.5,25.7167,51.21,93,0,5.75
189,Cabo San Lucas,MX,2022-06-13 02:22:13,22.8909,-109.9124,94.3,40,20,19.57
190,Lafiagi,NG,2022-06-13 02:23:25,8.8667,5.4167,78.01,76,92,3.09
191,Tazovskiy,RU,2022-06-13 02:23:25,67.4667,78.7,56.62,82,98,12.37
192,Laguna,US,2022-06-13 02:23:25,38.421,-121.4238,81.45,56,0,20.71
193,Srednekolymsk,RU,2022-06-13 02:23:26,67.45,153.6833,71.78,31,0,7.02
194,Iracoubo,GF,2022-06-13 02:23:26,5.4802,-53.2011,77.88,84,16,6.76
195,Harper,LR,2022-06-13 02:23:26,4.375,-7.7169,77.54,80,100,9.01
196,Sechura,PE,2022-06-13 02:23:27,-5.5569,-80.8222,64.44,78,9,15.3
197,Funadhoo,MV,2022-06-13 02:23:27,6.15,73.2667,82.78,76,100,7.27
198,Bilibino,RU,2022-06-13 02:23:27,68.0546,166.4372,66.18,28,20,5.17
199,Tasiilaq,GL,2022-06-13 02:23:27,65.6145,-37.6368,35.76,99,100,5.26
200,Villefranche-De-Rouergue,FR,2022-06-13 02:23:28,44.3333,2.0,68.04,75,100,4.05
201,Hervey Bay,AU,2022-06-13 02:23:28,-25.2986,152.8535,67.01,59,19,11.01
202,Moose Factory,CA,2022-06-13 02:23:28,51.2585,-80.6094,51.8,81,40,3.44
203,Kytmanovo,RU,2022-06-13 02:23:29,53.4593,85.4479,71.76,78,84,9.17
204,Saint Anthony,US,2022-06-13 02:23:29,45.0205,-93.218,74.1,77,0,11.5
205,Santo Angelo,BR,2022-06-13 02:23:29,-28.2992,-54.2631,41.41,83,0,1.59
206,Soe,ID,2022-06-13 02:23:29,-9.8607,124.284,75.25,55,38,7.05
207,Ulkan,RU,2022-06-13 02:23:30,57.243,107.3223,68.92,45,100,4.74
208,Talnakh,RU,2022-06-13 02:23:30,69.4865,88.3972,68.43,35,69,2.33
209,Portland,US,2022-06-13 02:19:23,45.5234,-122.6762,59.56,71,100,5.99
210,Huarmey,PE,2022-06-13 02:23:30,-10.0681,-78.1522,63.93,82,7,10.42
211,Kismayo,SO,2022-06-13 02:23:31,-0.3582,42.5454,78.28,78,35,16.2
212,Hilton Head Island,US,2022-06-13 02:20:12,32.2163,-80.7526,82.45,88,77,3.0
213,Bafoulabe,ML,2022-06-13 02:23:31,13.8065,-10.8321,88.21,48,98,5.88
214,Aksarka,RU,2022-06-13 02:23:31,66.5606,67.7975,41.04,66,100,23.78
215,Port Lincoln,AU,2022-06-13 02:23:31,-34.7333,135.8667,56.89,65,65,12.86
216,Grindavik,IS,2022-06-13 02:23:32,63.8424,-22.4338,47.89,100,100,13.8
217,Ahipara,NZ,2022-06-13 02:23:32,-35.1667,173.1667,59.29,61,9,22.17
218,Matara,LK,2022-06-13 02:23:32,5.9485,80.5353,79.66,85,100,9.89
219,Taoudenni,ML,2022-06-13 02:23:33,22.6783,-3.9836,94.03,25,100,7.05
220,Iqaluit,CA,2022-06-13 02:23:33,63.7506,-68.5145,38.93,75,75,11.5
221,Komsomolskiy,UZ,2022-06-13 02:23:33,40.4272,71.7189,72.32,56,100,4.61
222,Bilma,NE,2022-06-13 02:21:55,18.6853,12.9164,88.34,13,13,8.19
223,Paita,PE,2022-06-13 02:23:33,-5.0892,-81.1144,64.24,81,58,16.15
224,Georgetown,MY,2022-06-13 02:23:34,5.4112,100.3354,85.95,78,20,5.75
225,Vanimo,PG,2022-06-13 02:23:27,-2.6741,141.3028,85.26,62,9,8.52
226,Bethel,US,2022-06-13 02:23:21,41.3712,-73.414,68.36,93,75,3.94
227,Chokurdakh,RU,2022-06-13 02:23:34,70.6333,147.9167,65.75,20,12,11.25
228,Princeton,US,2022-06-13 02:24:34,25.5384,-80.4089,84.0,81,0,4.61
229,Kyshtovka,RU,2022-06-13 02:22:07,56.555,76.6271,60.84,87,15,10.45
230,Mocuba,MZ,2022-06-13 02:24:35,-16.8392,36.9856,60.62,98,12,3.09
231,Deputatskiy,RU,2022-06-13 02:24:35,69.3,139.9,63.19,29,0,23.85
232,Belen,TR,2022-06-13 02:24:35,36.4891,36.2233,60.94,88,75,6.91
233,Contamana,PE,2022-06-13 02:24:36,-7.3333,-75.0167,66.79,74,60,2.93
234,Caravelas,BR,2022-06-13 02:24:36,-17.7125,-39.2481,72.01,89,94,4.05
235,Ipameri,BR,2022-06-13 02:24:36,-17.7219,-48.1597,60.85,64,97,5.48
236,Lexington,US,2022-06-13 02:20:08,37.9887,-84.4777,80.49,74,75,6.91
237,Mapiripan,CO,2022-06-13 02:24:36,2.8892,-72.1256,69.42,98,97,3.94
238,Bathsheba,BB,2022-06-13 02:22:39,13.2167,-59.5167,81.21,78,20,21.85
239,Lehigh Acres,US,2022-06-13 02:19:57,26.6254,-81.6248,82.42,82,0,3.44
240,Flinders,AU,2022-06-13 02:24:37,-34.5833,150.8552,62.19,54,3,3.0
241,Grand Gaube,MU,2022-06-13 02:24:37,-20.0064,57.6608,72.0,86,31,8.99
242,Vozhega,RU,2022-06-13 02:24:38,60.4725,40.2213,50.4,77,85,5.32
243,Vale,GE,2022-06-13 02:24:38,41.6156,42.8722,52.63,93,3,3.76
244,Poum,NC,2022-06-13 02:24:38,-20.2333,164.0167,75.07,84,100,8.52
245,Nangomba,TZ,2022-06-13 02:24:38,-10.9,38.5,60.64,78,0,2.17
246,Progreso,MX,2022-06-13 02:24:39,21.2833,-89.6667,84.31,80,8,15.35
247,Faanui,PF,2022-06-13 02:24:39,-16.4833,-151.75,79.65,75,59,21.36
248,Ballina,AU,2022-06-13 02:24:39,-28.8667,153.5667,63.79,67,63,6.82
249,Zarautz,ES,2022-06-13 02:24:40,43.2844,-2.1699,66.45,85,77,5.03
250,Port Blair,IN,2022-06-13 02:19:44,11.6667,92.75,82.44,83,75,3.44
251,Taree,AU,2022-06-13 02:24:40,-31.9,152.4667,63.07,49,0,3.91
252,Hit,IQ,2022-06-13 02:24:40,33.6416,42.8251,82.76,30,0,16.89
253,La Baneza,ES,2022-06-13 02:24:40,42.3003,-5.8977,65.98,79,0,5.86
254,Iquitos,PE,2022-06-13 02:24:41,-3.7481,-73.2472,73.44,83,75,2.3
255,Hualmay,PE,2022-06-13 02:24:41,-11.0964,-77.6139,63.0,80,22,11.16
256,Lorengau,PG,2022-06-13 02:24:41,-2.0226,147.2712,85.35,64,8,11.07
257,Anadyr,RU,2022-06-13 02:24:42,64.75,177.4833,61.3,41,0,8.95
258,Grand Forks,US,2022-06-13 02:24:42,47.9417,-97.4337,74.93,56,75,11.5
259,Laje,BR,2022-06-13 02:23:30,-10.1833,-40.9667,69.89,64,11,1.12
260,Robe,AU,2022-06-13 02:24:42,-37.1833,139.75,56.03,67,100,8.08
261,Tamandare,BR,2022-06-13 02:24:42,-8.7597,-35.1047,75.42,86,12,1.95
262,Sistranda,NO,2022-06-13 02:24:43,63.7256,8.834,51.76,89,100,16.42
263,Sergeyevka,KZ,2022-06-13 02:24:43,53.88,67.4158,59.52,77,99,4.03
264,Warah,PK,2022-06-13 02:24:43,27.4481,67.7978,89.62,53,10,6.06
265,Puerto Baquerizo Moreno,EC,2022-06-13 02:23:08,-0.9,-89.6,71.15,82,93,9.86
266,Petropavlovsk-Kamchatskiy,RU,2022-06-13 02:24:39,53.0452,158.6483,68.59,32,0,11.18
267,Ostrovnoy,RU,2022-06-13 02:24:44,68.0531,39.5131,53.64,83,100,6.42
268,Tabou,CI,2022-06-13 02:24:44,4.423,-7.3528,77.29,80,100,8.61
269,Nome,US,2022-06-13 02:24:44,64.5011,-165.4064,50.16,49,100,5.75
270,Mazamari,PE,2022-06-13 02:24:45,-11.3258,-74.5308,68.04,77,98,0.92
271,Belaya Gora,RU,2022-06-13 02:24:45,68.5333,146.4167,72.25,26,6,14.92
272,Longyearbyen,SJ,2022-06-13 02:21:35,78.2186,15.6401,39.04,87,75,3.44
273,Udachnyy,RU,2022-06-13 02:24:45,66.4167,112.4,64.45,41,3,12.57
274,Romny,UA,2022-06-13 02:25:45,50.751,33.4747,57.81,95,2,6.17
275,Juneau,US,2022-06-13 02:25:46,58.3019,-134.4197,52.21,92,100,6.91
276,Russell,US,2022-06-13 02:25:46,32.3502,-85.1999,83.8,88,0,0.0
277,Lopukhiv,UA,2022-06-13 02:25:46,48.3653,23.9638,53.31,95,0,4.16
278,Half Moon Bay,US,2022-06-13 02:23:06,37.4636,-122.4286,70.88,71,0,33.38
279,Teluknaga,ID,2022-06-13 02:25:47,-6.0989,106.6381,85.62,78,20,4.61
280,Cumberland,US,2022-06-13 02:25:47,35.0502,-78.8664,79.3,83,0,6.91
281,Dingle,PH,2022-06-13 02:25:47,10.9995,122.6711,86.76,66,51,5.32
282,Pavlodar,KZ,2022-06-13 02:25:48,52.3,76.95,73.2,46,0,6.71
283,Nakhon Thai,TH,2022-06-13 02:25:48,17.1006,100.8374,82.9,78,100,3.31
284,Cidreira,BR,2022-06-13 02:25:48,-30.1811,-50.2056,50.27,74,26,15.14
285,Conceicao Do Araguaia,BR,2022-06-13 02:25:48,-8.2578,-49.2647,75.06,81,100,3.09
286,College,US,2022-06-13 02:25:49,64.8569,-147.8028,70.0,39,100,3.44
287,Husavik,IS,2022-06-13 02:25:49,66.0449,-17.3389,42.87,93,100,5.95
288,Hasaki,JP,2022-06-13 02:22:30,35.7333,140.8333,73.8,56,69,11.48
289,Chifeng,CN,2022-06-13 02:25:49,42.2683,118.9636,72.18,40,16,11.34
290,Okuchi,JP,2022-06-13 02:25:50,32.0667,130.6167,66.88,97,100,4.83
291,Ovsyanka,RU,2022-06-13 02:25:50,55.9575,92.5519,76.23,71,100,3.69
292,Bandiagara,ML,2022-06-13 02:25:50,14.3501,-3.6104,84.15,53,14,4.59
293,Honningsvag,NO,2022-06-13 02:25:50,70.9821,25.9704,42.55,81,100,19.57
294,Tvoroyri,FO,2022-06-13 02:25:51,61.5556,-6.8111,48.6,91,98,17.92
295,Touros,BR,2022-06-13 02:25:51,-5.1989,-35.4608,75.99,82,41,10.07
296,Lompoc,US,2022-06-13 02:25:51,34.6391,-120.4579,76.01,84,100,24.0
297,Teya,RU,2022-06-13 02:25:52,60.3778,92.6267,70.56,61,33,5.3
298,Mimongo,GA,2022-06-13 02:25:52,-1.6195,11.6068,68.32,98,81,4.18
299,Nago,JP,2022-06-13 02:25:52,26.5881,127.9761,83.25,83,100,19.04
300,Koslan,RU,2022-06-13 02:25:52,63.4564,48.8989,51.58,52,79,3.69
301,Sisimiut,GL,2022-06-13 02:25:53,66.9395,-53.6735,32.58,77,100,18.43
302,Glendive,US,2022-06-13 02:25:53,47.1053,-104.7125,66.76,79,0,6.91
303,Magadan,RU,2022-06-13 02:25:53,59.5667,150.8,54.54,84,44,6.22
304,Berlevag,NO,2022-06-13 02:25:54,70.8578,29.0864,44.55,76,100,17.27
305,Khash,IR,2022-06-13 02:25:54,28.2211,61.2158,76.95,33,3,2.8
306,Luderitz,NA,2022-06-13 02:24:34,-26.6481,15.1594,58.89,60,73,6.6
307,Akhmeta,GE,2022-06-13 02:25:54,42.0311,45.2075,66.72,89,40,1.88
308,Namibe,AO,2022-06-13 02:25:54,-15.1961,12.1522,67.84,58,0,6.55
309,Makakilo City,US,2022-06-13 02:25:55,21.3469,-158.0858,84.52,58,75,19.57
310,Beloha,MG,2022-06-13 02:22:02,-25.1667,45.05,59.2,73,0,9.1
311,Ternate,ID,2022-06-13 02:22:21,0.8,127.4,84.07,69,46,3.91
312,Charters Towers,AU,2022-06-13 02:25:55,-20.1,146.2667,65.34,30,0,8.61
313,Santander,ES,2022-06-13 02:24:59,43.4647,-3.8044,64.6,95,100,4.61
314,Shitanjing,CN,2022-06-13 02:25:56,39.2342,106.3439,71.94,18,0,14.14
315,Praia Da Vitoria,PT,2022-06-13 02:25:56,38.7333,-27.0667,61.75,94,75,15.3
316,Eureka,US,2022-06-13 02:25:41,40.8021,-124.1637,59.74,73,88,8.99
317,Carutapera,BR,2022-06-13 02:26:56,-1.195,-46.02,75.51,88,1,5.39
318,Lovington,US,2022-06-13 02:26:56,32.944,-103.3485,93.16,17,5,1.99
319,Katobu,ID,2022-06-13 02:26:57,-4.9408,122.5276,77.13,91,100,2.42
320,Kavieng,PG,2022-06-13 02:26:57,-2.5744,150.7967,83.68,70,98,11.81
321,Gafanha Da Encarnacao,PT,2022-06-13 02:26:57,40.6181,-8.733,68.77,78,0,3.11
322,Chicama,PE,2022-06-13 02:26:58,-7.8447,-79.1469,57.74,85,37,6.78
323,Amapa,BR,2022-06-13 02:26:58,1.0,-52.0,71.22,99,35,1.19
324,Rumoi,JP,2022-06-13 02:26:58,43.9344,141.6428,64.49,68,100,2.8
325,Talcahuano,CL,2022-06-13 02:26:58,-36.7167,-73.1167,49.68,76,100,4.61
326,Keetmanshoop,NA,2022-06-13 02:26:59,-26.5833,18.1333,58.64,38,6,7.92
327,Orthez,FR,2022-06-13 02:26:59,43.4884,-0.7724,66.24,98,54,5.91
328,Kangaatsiaq,GL,2022-06-13 02:26:59,68.3065,-53.4641,33.31,77,100,24.94
329,Roma,US,2022-06-13 02:27:00,43.2128,-75.4557,65.73,95,75,3.44
330,Vardo,NO,2022-06-13 02:27:00,70.3705,31.1107,46.38,66,17,16.11
331,Bowen,AU,2022-06-13 02:27:00,-20.0167,148.2333,65.95,42,0,4.92
332,Leshukonskoye,RU,2022-06-13 02:27:01,64.8989,45.7622,54.54,52,100,6.87
333,Aginskoye,RU,2022-06-13 02:27:01,51.1,114.53,68.54,46,5,11.56
334,Nanortalik,GL,2022-06-13 02:27:01,60.1432,-45.2371,36.25,95,92,9.62
335,Veere,NL,2022-06-13 02:27:02,51.5483,3.6667,61.02,85,100,9.22
336,Faya,SA,2022-06-13 02:27:02,18.3851,42.4509,64.92,18,1,3.44
337,Logansport,US,2022-06-13 02:27:02,40.7545,-86.3567,75.92,63,0,0.0
338,Bogorodskoye,RU,2022-06-13 02:27:02,56.55,37.8833,51.39,80,3,5.7
339,Labelle,US,2022-06-13 02:27:03,26.7617,-81.4384,82.45,72,16,6.44
340,Hovd,MN,2022-06-13 02:27:03,48.0056,91.6419,78.21,26,6,1.68
341,Saint-Louis,SN,2022-06-13 02:27:03,16.3333,-15.0,75.63,71,100,16.49
342,Kiunga,PG,2022-06-13 02:27:04,-6.1219,141.2906,81.23,79,98,2.98
343,Constitucion,CL,2022-06-13 02:25:56,-35.3333,-72.4167,48.81,90,88,2.62
344,Leh,IN,2022-06-13 02:27:04,34.1667,77.5833,51.98,53,32,5.61
345,Ndioum,SN,2022-06-13 02:27:05,16.5129,-14.6471,77.99,63,76,17.43
346,Marawi,PH,2022-06-13 02:27:05,7.9986,124.2928,81.54,62,98,2.13
347,Redwater,US,2022-06-13 02:27:05,33.3582,-94.2544,88.09,61,0,6.22
348,Fukue,JP,2022-06-13 02:27:06,32.6881,128.8419,66.56,100,75,10.36
349,Eyrarbakki,IS,2022-06-13 02:27:06,63.863,-21.1481,48.0,95,100,13.13
350,Riverton,US,2022-06-13 02:23:01,40.5219,-111.9391,92.19,15,40,27.63
351,San Rafael,AR,2022-06-13 02:26:52,-34.6177,-68.3301,51.15,40,99,7.85
352,Njombe,TZ,2022-06-13 02:27:06,-9.3333,34.7667,45.34,97,15,4.65
353,Lisala,CD,2022-06-13 02:27:07,2.15,21.5167,69.39,99,100,1.95
354,San Borja,BO,2022-06-13 02:27:07,-14.8167,-66.85,56.14,84,0,3.56
355,Fayaoue,NC,2022-06-13 02:27:07,-20.65,166.5333,76.5,82,97,12.68
356,Kieta,PG,2022-06-13 02:27:08,-6.2167,155.6333,85.55,65,20,6.35
357,Maragogi,BR,2022-06-13 02:24:01,-9.0122,-35.2225,75.27,86,6,2.3
358,Santa Isabel,BR,2022-06-13 02:24:14,-23.3156,-46.2214,49.3,76,100,1.34
359,Biscarrosse,FR,2022-06-13 02:27:08,44.3945,-1.1672,66.15,94,29,5.75
360,Porto Novo,BJ,2022-06-13 02:28:08,6.4965,2.6036,78.62,87,100,6.93
361,Los Llanos De Aridane,ES,2022-06-13 02:28:09,28.6585,-17.9182,65.95,92,100,8.05
362,Shebunino,RU,2022-06-13 02:28:09,46.4339,141.8603,58.84,74,83,0.29
363,Quang Ngai,VN,2022-06-13 02:28:09,15.1167,108.8,89.74,58,94,4.47
364,Madingou,CG,2022-06-13 02:28:09,-4.1536,13.55,70.39,87,4,3.0
365,Puerto Carreno,CO,2022-06-13 02:23:10,6.189,-67.4859,72.18,95,100,4.0
366,Macheng,CN,2022-06-13 02:28:10,31.1783,115.0319,78.33,67,90,3.85
367,Kelvington,CA,2022-06-13 02:28:10,52.1667,-103.5343,62.28,76,91,8.14
368,Grao Mogol,BR,2022-06-13 02:28:10,-16.5594,-42.8897,63.68,55,61,1.77
369,Noyabrsk,RU,2022-06-13 02:28:11,63.1994,75.4507,59.32,85,95,4.5
370,Hofn,IS,2022-06-13 02:28:11,64.2539,-15.2082,48.52,90,98,10.6
371,Rameshki,RU,2022-06-13 02:28:11,57.3439,36.0453,56.53,74,100,5.1
372,Amga,RU,2022-06-13 02:28:11,60.8953,131.9608,61.23,57,100,6.02
373,Golden Gate,US,2022-06-13 02:28:12,26.1879,-81.6951,83.98,63,0,0.0
374,Thompson,CA,2022-06-13 02:23:35,55.7435,-97.8558,69.96,46,75,6.91
375,Koudougou,BF,2022-06-13 02:28:12,12.25,-2.3667,83.86,55,41,8.7
376,Paralimni,CY,2022-06-13 02:28:12,35.0375,33.9833,67.14,95,0,2.39
377,Rapid City,US,2022-06-13 02:27:21,44.0805,-103.231,73.72,84,100,20.71
378,Pevek,RU,2022-06-13 02:28:13,69.7008,170.3133,40.03,60,87,12.59
379,Tecoanapa,MX,2022-06-13 02:28:13,16.5167,-98.75,79.25,85,71,5.28
380,Quatre Cocos,MU,2022-06-13 02:28:13,-20.2078,57.7625,71.71,79,40,17.85
381,Lasa,IT,2022-06-13 02:28:14,46.6166,10.7002,59.36,62,93,4.56
382,Jardim,BR,2022-06-13 02:28:14,-21.4803,-56.1381,47.86,68,0,3.53
383,Basoko,CD,2022-06-13 02:28:14,1.2391,23.616,70.43,88,99,1.7
384,Winslow,US,2022-06-13 02:28:14,35.0242,-110.6974,89.78,14,0,19.57
385,Sao Joao Da Barra,BR,2022-06-13 02:27:52,-21.6403,-41.0511,68.34,73,100,18.21
386,Oistins,BB,2022-06-13 02:27:23,13.0667,-59.5333,80.69,78,20,21.85
387,Sola,VU,2022-06-13 02:28:15,-13.8833,167.55,80.58,77,44,12.73
388,Mvangue,CM,2022-06-13 02:28:15,2.9667,11.5167,66.2,99,100,2.24
389,Olinda,BR,2022-06-13 02:28:16,-8.0089,-34.8553,76.73,88,75,3.44
390,Atar,MR,2022-06-13 02:28:16,20.5169,-13.0499,94.19,10,6,6.6
391,Akdepe,TM,2022-06-13 02:28:16,42.0551,59.3788,75.29,19,0,3.87
392,Opelika,US,2022-06-13 02:27:20,32.6454,-85.3783,82.65,77,0,0.0
393,Amnat Charoen,TH,2022-06-13 02:28:17,15.9167,104.75,85.1,67,100,8.5
394,Mehran,IR,2022-06-13 02:28:17,33.1222,46.1646,88.81,15,0,3.6
395,Tshela,CD,2022-06-13 02:28:17,-4.9833,12.9333,70.41,91,89,1.79
396,Santa Isabel Do Rio Negro,BR,2022-06-13 02:28:18,-0.4139,-65.0192,70.41,99,100,3.09
397,Bajil,YE,2022-06-13 02:28:18,15.0584,43.2851,86.04,54,93,4.38
398,Port Augusta,AU,2022-06-13 02:28:18,-32.5,137.7667,59.38,49,21,10.85
399,Aschersleben,DE,2022-06-13 02:23:20,51.75,11.4667,59.95,95,93,8.01
400,Gimli,CA,2022-06-13 02:28:19,50.6336,-96.9907,59.02,94,86,8.05
401,Moen,NO,2022-06-13 02:28:19,69.1304,18.6123,47.86,93,75,0.0
402,Hami,CN,2022-06-13 02:28:19,42.8,93.45,90.09,6,0,7.38
403,Arandis,NA,2022-06-13 02:28:20,-22.4167,14.9667,57.15,50,0,3.87
404,Qasigiannguit,GL,2022-06-13 02:28:20,68.8193,-51.1922,34.05,86,100,3.11
405,Ziri,SI,2022-06-13 02:28:20,46.0422,14.1072,62.62,90,0,1.92
406,Haverfordwest,GB,2022-06-13 02:28:20,51.8017,-4.9691,51.39,87,18,1.01
407,Tahoua,NE,2022-06-13 02:29:21,14.8888,5.2692,87.31,40,100,6.64
408,Flin Flon,CA,2022-06-13 02:29:21,54.7682,-101.865,66.38,60,36,9.82
409,Sept-Iles,CA,2022-06-13 02:25:17,50.2001,-66.3821,56.05,69,75,8.05
410,Salinopolis,BR,2022-06-13 02:29:21,-0.6136,-47.3561,78.53,81,3,8.05
411,Brewster,US,2022-06-13 02:29:22,41.3973,-73.6171,68.34,93,76,4.23
412,Mporokoso,ZM,2022-06-13 02:29:22,-9.3727,30.125,52.07,80,1,5.75
413,Moron,AR,2022-06-13 02:29:22,-34.6534,-58.6198,53.98,83,94,4.7
414,Mokhsogollokh,RU,2022-06-13 02:29:23,61.4681,128.9203,63.43,41,5,6.6
415,Ondjiva,AO,2022-06-13 02:29:23,-17.0667,15.7333,51.87,59,2,6.02
416,Zadar,HR,2022-06-13 02:29:23,44.1197,15.2422,59.61,88,0,2.3
417,Kyabe,TD,2022-06-13 02:29:23,9.4515,18.9449,72.36,93,100,4.05
418,Bonoua,CI,2022-06-13 02:29:24,5.2741,-3.595,80.22,82,47,4.76
419,Hamilton,US,2022-06-13 02:26:25,39.1834,-84.5333,77.72,88,100,3.44
420,Kodiak,US,2022-06-13 02:25:29,57.79,-152.4072,63.91,55,0,9.22
421,Gushikawa,JP,2022-06-13 02:29:24,26.3544,127.8686,82.4,90,75,17.27
422,Ketchikan,US,2022-06-13 02:29:25,55.3422,-131.6461,54.07,71,100,10.36
423,Ayan,RU,2022-06-13 02:29:25,56.45,138.1667,42.17,97,100,8.81
424,Fort Abbas,PK,2022-06-13 02:29:25,29.1925,72.8536,92.25,40,13,15.01
425,Cherskiy,RU,2022-06-13 02:29:25,68.75,161.3,69.28,30,12,5.59
426,Durban,ZA,2022-06-13 02:29:26,-29.8579,31.0292,60.03,66,31,3.0
427,Safford,US,2022-06-13 02:29:26,32.834,-109.7076,99.52,12,40,16.11
428,Tiznit,MA,2022-06-13 02:29:26,29.5833,-9.5,71.76,64,48,2.24
429,Necochea,AR,2022-06-13 02:29:26,-38.5473,-58.7368,48.31,58,59,9.69
430,Baykalsk,RU,2022-06-13 02:29:27,51.5058,104.1469,56.84,69,30,2.66
431,Talaya,RU,2022-06-13 02:29:27,61.3833,152.75,49.73,67,99,2.64
432,Lixourion,GR,2022-06-13 02:29:27,38.2019,20.4314,72.09,72,75,4.43
433,Shelton,US,2022-06-13 02:29:28,41.3165,-73.0932,69.53,89,75,3.44
434,Tatawin,TN,2022-06-13 02:29:28,32.9297,10.4518,68.92,53,0,2.35
435,Mozelos,PT,2022-06-13 02:29:28,41.8677,-8.3978,76.87,78,20,5.26
436,Roald,NO,2022-06-13 02:29:28,62.5833,6.1333,54.16,76,100,10.36
437,Turukhansk,RU,2022-06-13 02:29:29,65.8167,87.9833,66.34,67,99,11.12
438,Van,TR,2022-06-13 02:29:29,38.4924,43.3831,67.35,34,40,12.66
439,Kurilsk,RU,2022-06-13 02:29:29,45.2333,147.8833,50.79,72,100,6.53
440,Kandrian,PG,2022-06-13 02:29:30,-6.2167,149.55,87.17,62,37,6.15
441,Kerema,PG,2022-06-13 02:29:30,-7.9631,145.7785,83.71,74,100,6.06
442,Sonoita,MX,2022-06-13 02:29:30,31.85,-112.8333,96.19,22,0,9.73
443,Sirajganj,BD,2022-06-13 02:29:30,24.45,89.7167,85.28,83,98,15.12
444,Alice Springs,AU,2022-06-13 02:29:31,-23.7,133.8833,62.15,42,0,10.36
445,Sao Filipe,CV,2022-06-13 02:29:31,14.8961,-24.4956,72.79,85,31,4.07
446,Beira,MZ,2022-06-13 02:26:36,-19.8436,34.8389,64.49,94,20,5.75
447,Wapakoneta,US,2022-06-13 02:29:31,40.5678,-84.1936,73.78,95,0,4.61
448,Erenhot,CN,2022-06-13 02:29:32,43.6475,111.9767,67.51,38,65,21.52
449,Nuuk,GL,2022-06-13 02:29:32,64.1835,-51.7216,33.75,78,100,16.49
450,Carndonagh,IE,2022-06-13 02:29:32,55.25,-7.2667,50.4,95,83,10.27
451,Roebourne,AU,2022-06-13 02:29:32,-20.7833,117.1333,77.76,35,1,14.65
452,Sorland,NO,2022-06-13 02:30:33,67.667,12.6934,49.86,92,95,15.23
453,Palmer,US,2022-06-13 02:27:04,42.1584,-72.3287,68.61,68,100,10.36
454,Nampula,MZ,2022-06-13 02:30:33,-15.1165,39.2666,64.35,100,75,9.22
455,Honiara,SB,2022-06-13 02:30:34,-9.4333,159.95,86.72,62,5,6.38
456,Muscle Shoals,US,2022-06-13 02:30:34,34.7448,-87.6675,84.74,80,0,4.61
457,Yulara,AU,2022-06-13 02:30:34,-25.2406,130.9889,63.61,34,0,4.68
458,Koilas,GR,2022-06-13 02:30:34,37.4095,23.1147,74.59,70,16,8.77
459,Pangody,RU,2022-06-13 02:30:35,65.85,74.4859,62.4,60,76,16.08
460,Alofi,NU,2022-06-13 02:30:35,-19.0595,-169.9187,82.29,74,31,10.36
461,Veinticinco De Mayo,AR,2022-06-13 02:30:35,-35.4323,-60.1727,49.98,66,12,1.99
462,Hobyo,SO,2022-06-13 02:30:35,5.3505,48.5268,78.4,78,100,23.0
463,Adrar,MR,2022-06-13 02:30:36,20.5022,-10.0711,86.92,31,18,11.16
464,Jejuri,IN,2022-06-13 02:30:36,18.2833,74.1667,75.96,73,39,3.67
465,Muros,ES,2022-06-13 02:30:36,42.7762,-9.0603,67.15,74,91,13.49
466,Nantucket,US,2022-06-13 02:27:24,41.2835,-70.0995,66.0,93,0,11.5
467,Nortelandia,BR,2022-06-13 02:30:37,-14.4547,-56.8028,58.3,79,44,2.91
468,Los Andes,CL,2022-06-13 02:30:37,-32.8337,-70.5983,50.02,29,8,1.92
469,Ereymentau,KZ,2022-06-13 02:30:37,51.6199,73.1033,73.02,45,11,17.49
470,Rio Grande,BR,2022-06-13 02:30:37,-32.035,-52.0986,51.49,88,79,10.04
471,Morondava,MG,2022-06-13 02:30:38,-20.2833,44.2833,67.64,61,0,11.9
472,Baherden,TM,2022-06-13 02:30:38,38.4362,57.4316,82.72,27,0,11.14
473,Maniitsoq,GL,2022-06-13 02:30:38,65.4167,-52.9,33.94,84,99,24.16
474,Tsogni,GA,2022-06-13 02:30:39,-2.7942,10.0988,73.02,91,27,4.25
475,Temiscaming,CA,2022-06-13 02:30:39,46.7212,-79.0971,53.15,82,1,0.0
476,Haines Junction,CA,2022-06-13 02:30:39,60.7522,-137.5108,60.75,39,100,10.36
477,Atambua,ID,2022-06-13 02:30:39,-9.1061,124.8925,82.58,51,32,3.51
478,Plettenberg Bay,ZA,2022-06-13 02:30:40,-34.0527,23.3716,63.93,56,100,1.99
479,Maldonado,UY,2022-06-13 02:30:40,-34.6667,-54.9167,45.23,91,11,1.99
480,Abaza,RU,2022-06-13 02:30:40,52.655,90.0928,73.24,60,100,3.65
481,Iralaya,HN,2022-06-13 02:26:20,15.0,-83.2333,78.13,85,100,13.42
482,Lensk,RU,2022-06-13 02:30:41,60.7253,114.9278,70.43,30,20,4.59
483,Juodupe,LT,2022-06-13 02:30:41,56.0833,25.6167,48.07,93,95,4.25
484,Laredo,US,2022-06-13 02:28:31,27.5064,-99.5075,97.09,38,0,21.85
485,Santa Cruz De La Palma,ES,2022-06-13 02:30:41,28.6835,-17.7642,69.94,78,100,8.05
486,Asau,RO,2022-06-13 02:30:42,46.4333,26.4,63.52,93,15,4.63
487,Namatanai,PG,2022-06-13 02:30:42,-3.6667,152.4333,83.88,67,61,8.86
488,Xining,CN,2022-06-13 02:30:42,36.6167,101.7667,63.55,35,28,4.83
489,Acapulco,MX,2022-06-13 02:26:32,16.8634,-99.8901,82.22,74,75,6.91
490,Heishan,CN,2022-06-13 02:30:43,41.6892,122.1128,65.08,86,100,16.08
491,Rawson,AR,2022-06-13 02:30:43,-43.3002,-65.1023,55.76,28,100,12.12
492,Jinchang,CN,2022-06-13 02:30:43,38.4953,102.1739,78.42,7,0,4.36
493,Oktyabrskoye,RU,2022-06-13 02:30:43,43.0645,44.7417,62.74,82,71,4.47
494,Corinto,GR,2022-06-13 02:30:44,37.9407,22.9573,74.89,70,69,3.58
495,Margate,GB,2022-06-13 02:27:03,51.3813,1.3862,56.7,69,17,4.0
496,Paamiut,GL,2022-06-13 02:30:44,61.994,-49.6678,35.13,72,91,25.3
497,Riyadh,SA,2022-06-13 02:26:42,24.6877,46.7219,84.34,13,0,5.48
498,Rojhan,PK,2022-06-13 02:30:44,28.6868,69.9534,92.91,43,57,11.61
499,Powell,US,2022-06-13 02:27:59,40.1578,-83.0752,73.58,93,75,4.61
500,Cockburn Town,TC,2022-06-13 02:31:46,21.4612,-71.1419,80.4,84,6,21.79
501,Sylvan Lake,CA,2022-06-13 02:31:46,52.3168,-114.0853,57.34,64,20,10.36
502,Syumsi,RU,2022-06-13 02:31:47,57.1111,51.6149,52.21,64,17,5.55
503,Guayaramerin,BO,2022-06-13 02:31:48,-10.8368,-65.3614,61.03,81,83,3.4
504,Nizhniy Kuranakh,RU,2022-06-13 02:31:48,58.8353,125.4869,65.32,35,100,4.05
505,Champerico,GT,2022-06-13 02:31:49,14.3,-91.9167,75.16,90,91,11.63
506,San Onofre,CO,2022-06-13 02:31:49,9.7359,-75.5263,76.17,91,100,6.44
507,Coihaique,CL,2022-06-13 02:31:49,-45.5752,-72.0662,38.01,93,0,1.14
508,Norton,ZW,2022-06-13 02:31:50,-17.8833,30.7,47.28,90,0,4.63
509,North Bend,US,2022-06-13 02:30:23,43.4065,-124.2243,55.85,87,100,3.44
510,Cururupu,BR,2022-06-13 02:31:50,-1.8283,-44.8683,73.26,95,30,2.71
511,Juatuba,BR,2022-06-13 02:31:17,-19.9519,-44.3428,63.32,49,100,4.23
512,Olafsvik,IS,2022-06-13 02:31:50,64.8945,-23.7142,47.53,91,100,16.04
513,Sabang,ID,2022-06-13 02:31:51,5.8933,95.3214,82.8,73,89,3.49
514,De Aar,ZA,2022-06-13 02:28:43,-30.6497,24.0123,50.72,51,57,12.59
515,Kapit,MY,2022-06-13 02:31:51,2.0167,112.9333,76.03,95,100,0.45
516,Waterloo,CA,2022-06-13 02:58:02,43.4668,-80.5164,60.48,97,75,5.75
517,Jawhar,SO,2022-06-13 03:02:14,2.7809,45.5005,73.2,91,100,8.93
518,Zelenoborsk,RU,2022-06-13 03:02:15,61.4669,64.0333,49.12,72,100,11.7
519,Umm Lajj,SA,2022-06-13 03:02:15,25.0213,37.2685,84.88,54,0,7.72
520,Assiniboia,CA,2022-06-13 03:02:16,49.6334,-105.9845,65.35,50,100,3.85
521,Revelstoke,CA,2022-06-13 02:58:10,50.9832,-118.2023,66.22,42,100,2.3
522,Ambilobe,MG,2022-06-13 03:02:16,-13.2,49.05,64.81,86,1,3.24
523,Bauchi,NG,2022-06-13 03:02:17,10.5,10.0,73.06,70,69,5.3
524,Marienburg,PL,2022-06-13 03:02:17,54.0359,19.0266,57.11,90,98,2.06
525,Huichapan,MX,2022-06-13 03:02:18,20.3833,-99.65,61.29,67,22,8.1
526,Stokmarknes,NO,2022-06-13 03:02:18,68.5646,14.9108,46.38,100,100,6.91
527,Slave Lake,CA,2022-06-13 03:02:19,55.2834,-114.769,56.48,76,96,2.89
528,Batticaloa,LK,2022-06-13 03:02:19,7.7102,81.6924,84.69,63,70,5.23
529,Guerrero Negro,MX,2022-06-13 03:02:20,27.9769,-114.0611,65.23,85,10,16.98
530,Beya,RU,2022-06-13 03:02:20,53.0533,90.9139,73.49,53,100,5.97
531,Whitehorse,CA,2022-06-13 03:02:21,60.7161,-135.0538,54.61,64,100,3.85
532,Hukuntsi,BW,2022-06-13 03:02:21,-24.0,21.75,50.65,53,0,11.54
533,Narsaq,GL,2022-06-13 03:02:22,60.9167,-46.05,44.82,93,100,5.14
534,Victor Harbor,AU,2022-06-13 03:02:22,-35.5667,138.6167,54.68,57,100,6.85
535,Praia,CV,2022-06-13 02:57:55,14.9215,-23.5087,73.94,78,20,5.75
536,Marsh Harbour,BS,2022-06-13 03:02:24,26.5412,-77.0636,81.12,83,0,10.94
537,Kasongo-Lunda,CD,2022-06-13 03:02:15,-6.4667,16.8167,63.43,57,5,0.51
538,Sakaiminato,JP,2022-06-13 03:02:24,35.55,133.2333,67.69,71,100,19.48
539,Srikakulam,IN,2022-06-13 03:00:23,18.3,83.9,91.02,51,36,5.77
540,Bandarban,BD,2022-06-13 03:02:24,22.1965,92.2262,91.22,55,35,4.45
541,Vila,PT,2022-06-13 03:02:25,42.0304,-8.1588,56.28,86,31,5.55
542,Linxia,CN,2022-06-13 03:02:25,35.6003,103.2064,69.26,35,80,4.41
543,Cayenne,GF,2022-06-13 03:00:47,4.9333,-52.3333,80.1,1,0,1.01
544,Fuerte Olimpo,PY,2022-06-13 03:02:26,-21.0415,-57.8738,47.44,53,0,4.63
545,Khorramabad,IR,2022-06-13 03:02:27,33.4878,48.3558,78.46,19,0,3.2
546,Grand-Lahou,CI,2022-06-13 03:01:14,5.1367,-5.0242,76.73,78,45,7.76
547,Awjilah,LY,2022-06-13 03:03:27,29.1081,21.2869,69.93,70,0,9.62
548,Bosaso,SO,2022-06-13 03:03:27,11.2842,49.1816,91.17,44,100,7.94
549,Mareeba,AU,2022-06-13 03:03:28,-17.0,145.4333,77.43,61,7,4.68
550,Thurso,GB,2022-06-13 03:03:28,58.5927,-3.5259,50.86,81,97,20.13
551,Vaitape,PF,2022-06-13 03:03:29,-16.5167,-151.75,79.75,74,74,22.01
552,Naples,IT,2022-06-13 03:03:18,40.8333,14.25,74.14,51,0,2.3
553,Altukhovo,RU,2022-06-13 03:03:29,52.67,34.36,58.93,95,0,3.11
554,Priargunsk,RU,2022-06-13 03:03:29,50.3691,119.1012,69.67,57,99,7.9
555,Skjervoy,NO,2022-06-13 03:03:30,70.0311,20.9714,44.6,76,99,1.77
556,Dalaba,GN,2022-06-13 03:03:30,10.7,-12.25,63.21,95,93,2.13
